2024-02-17 16:02:25,给大家拜个晚年，祝大家晚年幸福！
2023-10-24 14:26:34,好玩啊好玩啊～
2023-10-16 11:55:05,一晃又鸽七天
2023-10-14 15:24:29,白天得好好休息啊，晚上还要睡觉呢
2023-10-09 20:15:01,更过了，休息休息
2023-10-09 12:30:01,
2023-10-08 09:15:01,明天更新！
2023-10-07 21:15:01,后天更新！
2023-10-07 18:00:01,巴以又打起来了……
2023-10-06 12:45:01,国庆假期过去啦～
2023-10-01 19:15:02,祝大家国庆快乐！出去旅游人太多的话记得回头是岸～
2023-09-29 11:30:01,看动态！
2023-09-29 09:15:01,亚阿冲突尘埃落定了
2023-09-27 17:15:01,给大家拜个早年！
2023-09-22 11:30:01,通辽的八月过去了
2023-09-21 14:45:01,明天就更！
2023-09-17 20:00:01,下期就是小国了，先复习一下尼加拉瓜上吧！
2023-09-14 17:45:01,好家伙，居然忘了更签名了！
2023-09-09 23:36:54,鸽叔翰
2023-09-07 19:51:32,通辽的八月还没结束！！
2023-09-04 21:16:07,我发现我好久没说偷袭了！
2023-09-03 21:49:38,啦啦啦啦啦啦噜啦噜啦嘞
2023-08-31 17:43:22,下期视频将会在更新的时候更新
2023-08-31 12:22:22,本来想一天更两个视频，但B站一天只能发一个啊！
2023-08-31 11:07:49,马上更！
2023-08-30 16:51:20,明天，一定给大家整个好活！
2023-08-29 21:33:05,我的建议是先重温特鲁希略那期，下期视频有他出场
2023-08-29 10:20:02,有必要明确一下通辽历法了
2023-08-26 22:25:32,(●'◡'●)
2023-08-23 22:00:47,这个月肯定更
2023-08-21 20:03:29,太长了，要不鸽了吧！
2023-08-20 21:50:04,下期小国可太长了，分两期都太长了
2023-08-18 21:28:26,一步踏错终身错～
2023-08-17 21:42:23,我要唱歌！！！
2023-08-15 21:14:03,我宣布，我宣布了！
2023-08-13 08:58:59,我宣布我以后每期节目开头都要说自我介绍
2023-08-12 20:26:59,一会就更！
2023-08-11 20:19:53,明天更新
2023-08-09 11:50:02,本月争取更俩小国
2023-08-07 10:50:02,鸽剧魅影
2023-08-06 16:50:02,让我们红尘作伴活的潇潇洒洒～
2023-08-04 11:50:01,啊，通辽的一周又过去了
2023-08-03 15:10:02,明天，明天一定！
2023-08-02 12:30:02,屡破拖更记录啊
2023-07-31 11:30:02,好家伙，一鸽半个月
2023-07-28 08:00:02,别找我，我去打素材去了
2023-07-25 10:10:02,我宣布我网名改叫花开富贵
2023-07-24 22:40:02,写了篇新稿，写的挺好
2023-07-24 14:20:02,换了新手机，开心
2023-07-22 19:00:02,吃了吗您那？
2023-07-20 14:40:01,通辽，避暑胜地（不是）
2023-07-16 10:10:02,通辽，避暑胜地
2023-07-13 17:30:07,哗啦啦啦啦下雨了～
2023-07-11 21:50:02,来吧，大家提提意见，下期更哪个小国吧，也说说推荐理由，俄乌这种不算。
2023-07-11 08:10:02,嘿嘿
2023-07-08 18:40:04,更过了更过了
2023-07-07 16:30:01,快更了快更了
2023-07-04 13:40:02,旧视频，旧视频就不能多看几遍吗？
2023-07-01 15:50:03,通辽画师们最近甚为勤劳，值得嘉奖
2023-07-01 14:40:02,生姜——食物界的伪装大王
2023-06-30 09:10:03,通辽啊通辽～是个遥远的地方～
2023-06-28 09:50:03,号令群鸽
2023-06-26 19:50:02,拖更，何尝不是一种浪漫。
2023-06-25 11:10:03,不用探了，散会！
2023-06-24 20:10:03,再探，再报！
2023-06-24 13:50:03,有消息速速哭墙报来！
2023-06-22 11:20:02,更了，有德
2023-06-21 12:20:02,明天更，我有德啊
2023-06-21 11:10:03,明天更
2023-06-20 10:40:03,吃到了超级好吃的小零食，为了防止大家说我打广告，名字我就不透露了。
2023-06-20 09:40:03,吃到了资格超级好吃的小零食，为了防止大家说我打广告，名字我就不透露了。
2023-06-19 09:10:03,没意思，一人出个脑筋急转弯吧？
2023-06-19 08:50:03,受凉了，肚子疼
2023-06-16 19:20:03,更过了，准备更下一期！
2023-06-16 10:10:03,马上更
2023-06-15 14:40:03,你以为我昨天更过了，却不知道我明天还要更
2023-06-14 17:40:03,你就说更没更吧！
2023-06-14 15:30:03,更新！
2023-06-12 17:30:03,你是我天边，最美的云彩——
2023-06-12 10:20:02,快更了家银们
2023-06-09 14:20:02,王国之泪，报玩
2023-06-08 19:40:03,我曾经想报仇雪恨般的更新，现在我决定放下仇恨
2023-06-07 09:30:03,我将报仇雪恨般的更新
2023-06-06 20:30:02,明天就高考了，紧张
2023-06-01 10:00:02,
2023-05-31 08:40:03,今天更
2023-05-30 12:00:02,明天，明天就更
2023-05-28 21:40:02,阳了以后录音的声音都不行了，下期节目大家多担待
2023-05-27 10:20:02,今天第一次吃甜豆腐脑，，，这是什么味道？！拔刀吧诸君！
2023-05-25 13:30:02,阳了一个多礼拜了，开始浑身疼，大家第一次阳时也这样吗？
2023-05-23 13:30:02,阳了以后虚的厉害，大家也这样吗？
2023-05-22 03:00:02,好大的风
2023-05-19 19:00:02,说更新就更新，不愧是我
2023-05-19 12:00:02,我将偷袭式更新
2023-05-18 16:10:02,我阳了！
2023-05-18 01:10:02,明天的明天更
2023-05-16 14:20:02,你看你，近视了吧？
2023-05-16 06:20:02,绿绿绿绿绿，绿绿绿绿绿，大掌柜的绿绿绿
2023-05-14 15:30:02,这边写着今天降价酬宾大赠彩，那边写着白送一天您老赶快来！
2023-05-13 14:40:03,老爷们，明天，明天一定更！
2023-05-13 12:10:02,真是史诗级的拖更记录啊
2023-05-11 11:00:01,要不我给大家唱首歌吧？
2023-05-10 16:40:02,快更了，真的快更了
2023-05-09 18:50:02,大家给我凑22万美元吧，我去打素材
2023-05-08 17:10:01,签名——更适合通辽宝宝的更新方式
2023-05-08 09:50:01,豆浆——更适合中国宝宝的热美式
2023-05-06 23:50:02,下吧下吧我要开花
2023-05-06 13:00:02,南京的雨要是匀一点给通辽就好了
2023-05-04 08:10:02,假期结束啦，上班啦
2023-05-02 20:20:02,哭墙不更，皆因头像告罄，是我失德啊
2023-05-01 14:40:01,五一劳动节就要我劳动吗？
2023-04-28 16:20:02,更这一期可把我累坏了，歇歇
2023-04-28 11:00:01,马上就更了！点外卖吧！
2023-04-26 17:50:01,下期不更小国，我把自己羹了
2023-04-26 14:00:02,周五，周五就更！
2023-04-25 13:10:01,哒哒哒，哒哒哒哒哒哒
2023-04-22 13:50:01,快更了，真快更了
2023-04-21 12:00:01,小约翰（低俗小说皮肤）
2023-04-19 11:30:01,小约翰（贵妇皮肤）
2023-04-18 11:20:02,下期小国，，好长，都有点念不动了
2023-04-17 14:50:01,在那山的那边海的那边～
2023-04-17 11:30:02,头像呢头像呢头像呢？？
2023-04-15 18:30:02,更新更新更新更新呢？？？
2023-04-13 10:10:02,多冷啊我在通辽玩泥巴
2023-04-12 12:10:01,吹啊吹啊我的骄傲放纵～
2023-04-11 17:00:02,万万没想到南京能刮沙尘暴啊，有一种回家的感觉
2023-04-11 09:30:01,什么？我是个日更up主？！
2023-04-11 08:00:02,诶呀，真不好意思，这几天失忆了，我最近要更什么来着？
2023-04-09 21:20:02,下期小国快来了（进度6.85%）
2023-04-09 16:50:02,下期小国快来了（进度3.05%）
2023-04-09 13:10:01,下期小国快来了（进度1.025%）
2023-04-07 21:30:02,下期小国快来了（进度1%）
2023-04-07 10:10:01,更了更了，一会就更
2023-04-05 08:40:02,我可没停更哈，我是单纯在为小国准备素材
2023-04-04 12:30:02,休息几天看看书
2023-04-01 21:50:02,四月是我的谎言
2023-04-01 21:40:01,今天是愚人节
2023-04-01 08:50:02,下周开始连更五期！
2023-03-31 14:00:01,冷知识:今天没更
2023-03-30 16:50:02,约翰小子
2023-03-29 17:30:01,女史约翰
2023-03-27 13:00:07,小约翰（八恶人皮肤）
2023-03-25 18:10:02,小约翰（律贼皮肤）
2023-03-24 20:30:02,猜猜下次啥时候更？
2023-03-23 13:10:01,来吧约翰，拿出你鸽视频的勇气来！
2023-03-23 00:00:01,在鸽视频这方面，这个男人有着异乎寻常的坚持
2023-03-21 10:10:02,好了，但仍然鸽
2023-03-19 10:50:02,朋友们记得，生病初愈不要运动，你以为你好了，其实你没有
2023-03-18 15:50:02,继续休息
2023-03-17 10:20:07,今天更
2023-03-15 18:20:02,甲流了兄弟们，容我歇一歇
2023-03-15 15:50:01,
2023-03-14 20:00:02,善
2023-03-14 17:20:02,快更了，大家稍安勿躁
2023-03-13 14:20:01,做电子仓鼠，看赛博视频
2023-03-13 14:00:02,来偷袭我，二十多岁的老同志
2023-03-13 11:20:06,偷袭
2023-03-12 07:20:01,昨晚梦到了高考，吓得我呀
2023-03-11 20:40:01,通辽移民团
2023-03-10 12:10:01,仓鼠套娃
2023-03-07 19:40:03,粉呼一何怒，汗啼一何苦
2023-03-06 13:10:01,我姓巴啊！gua巴啊！
2023-03-05 16:10:01,下一期狠人的事迹在之前的节目里提过
2023-03-05 13:10:02,下一期狠人在之前的节目里提过
2023-03-05 11:40:01,通辽画师们怠惰啊！
2023-03-05 11:10:02,我找到了一个非常好玩的故事，哈哈
2023-03-03 15:20:02,只顾了俊美，却不像了可汗
2023-03-03 15:10:01,谁给我贡献一个狠人素材？
2023-03-03 14:20:07,只顾了俊美，却不像了可汗
2023-03-02 19:50:01,谁给我贡献一个狠人素材？
2023-03-01 07:10:02,三月了？！
2023-02-28 11:50:07,头像，主要在于意境
2023-02-27 08:40:02,春天啥时候到北方啊
2023-02-25 17:30:01,哈哈，没想到吧！
2023-02-25 09:30:01,哭墙更了就是更了
2023-02-24 08:40:02,明天更！
2023-02-22 14:10:02,下期狠人故事发生在法属圭亚那
2023-02-20 07:20:07,连更两期，过于勤劳，缓一缓
2023-02-19 09:30:06,今天更
2023-02-17 08:10:02,准备报仇雪恨般的更新
2023-02-16 17:00:02,要不然把下期小国唱的歌先发出来吧？纯享版通辽金曲
2023-02-16 12:30:01,诶呀，视频太多了，不知道发哪个好
2023-02-15 09:40:02,下期小国跟狠人能够联动，笑死
2023-02-14 10:10:01,小鸽子，穿花衣～
2023-02-12 22:20:02,下期小国还唱歌
2023-02-12 22:10:01,下期节目还唱歌
2023-02-11 17:00:01,小燕子，穿花衣，年年春天来这里，我问燕子你为啥来？燕子说:跟你有啥关系？！
2023-02-11 07:40:02,鸽了一万年～鸽子经得起考验
2023-02-08 13:20:02,老通辽正鸽旗
2023-02-07 11:30:02,更了更了，可算是更了！
2023-02-06 19:40:02,明天，明天就更！
2023-02-06 17:30:01,更不上了，呜呜呜
2023-02-06 10:40:02,今天晚上更！
2023-02-06 08:50:01,今天更了！
2023-02-05 18:00:02,元宵节天气这么差，躲家里煮元宵
2023-02-04 20:30:02,当初曾许诺每周讲一个故事，如今已成为万世笑柄，唉
2023-02-03 20:20:01,《是，首相》里的弗兰克爵士太好笑了
2023-02-03 18:40:01,大鸽之后必大鸽
2023-02-03 13:10:02,八月十五啊～月儿圆～
2023-02-02 11:40:02,快更了快更了
2023-02-01 14:00:07,什么？七天没更新了？！
2023-01-30 17:20:01,提示:头像与下期内容有关
2023-01-30 17:10:02,他是头上长犄角～还是身后有尾巴～啦啦啦～
2023-01-29 08:20:02,年快过完了，请允许我向各位拜个早年，祝诸位2024年龙马精神！
2023-01-27 08:10:01,这个假期要结束啦～这个假期要结束啦～这个假期怎么能够过得这么快（脑补红日旋律）
2023-01-25 07:20:02,春节假期还剩三天了？！
2023-01-21 20:00:02,大家过年好啊！！！
2023-01-21 08:10:02,啊～开心的锣鼓～敲出年年的喜庆～
2023-01-20 09:40:02,明天就过年啦，祝大家新年快乐！
2023-01-19 21:50:02,阿凡达2这剧情……
2023-01-19 09:30:02,后天就过年啦
2023-01-16 19:30:01,大家过年都吃点啥呀？
2023-01-16 16:50:01,希望大家走出舒适圈，让我进去
2023-01-15 20:10:01,确实冷
2023-01-14 07:40:02,南京这温度，，我回通辽了？？！
2023-01-13 22:20:01,感恩家银
2023-01-13 09:40:02,今年依然是西装仓鼠，大家不用问哈
2023-01-12 22:00:01,啊啊啊～（猜一歌名）
2023-01-12 21:10:02,竞猜结束，只有一位朋友猜对，没有猜对的朋友不要灰心，请耐心等待下次竞猜。
2023-01-12 20:00:01,终于有一个人猜对了！奖品送出去一副！
2023-01-12 19:50:02,没人猜对，拖更两天
2023-01-12 19:20:02,有奖竞猜下一个小国讲那个，想猜的请在哭墙下留言，猜对了送一副扑克牌（总共送十副），每人限猜一个国家哈，报地名那种不算
2023-01-12 19:10:02,有奖竞猜下一个小国讲那个，猜对了私信送扑克牌（只允许猜一个，报地名的不算哈）
2023-01-12 16:50:02,下雨啦
2023-01-12 13:10:02,前天更过，今天就不更了
2023-01-11 14:20:02,昨天更过，今天就不更了
2023-01-10 08:40:02,今天，今天就更！
2023-01-09 13:30:02,别着急，缘分到了自然会更
2023-01-07 11:00:01,诶呀！快过年了！要不休息一下吧先
2023-01-05 09:20:01,快更了快更了（新建文件夹）
2023-01-04 22:40:01,快更了快更了
2023-01-04 11:20:02,签名也已经被可持续性的竭泽而渔了
2023-01-03 11:30:02,今天南京天气好呀
2022-12-31 19:50:02,祝大家新年快乐！
2022-12-31 11:30:02,《城市:天际线》是真好玩呀
2022-12-30 17:50:01,更了！
2022-12-30 12:30:02,今天，今天一定更！
2022-12-30 12:20:01,如果不出意外的话应该是晚上更新吧
2022-12-30 10:20:02,如果不出意外的话应该是马上更新
2022-12-30 10:00:01,如果不出意外的话应该是今天更新
2022-12-29 21:20:01,2022年最长记录不过鸽了区区十二天，我的勤劳快把我感动哭了
2022-12-29 14:30:02,今天可是本年度最后一次疯狂星期四呀！
2022-12-24 00:10:02,听说冈比亚最近政变了？
2022-12-23 09:50:02,昨天，昨天更了！
2022-12-21 16:30:02,明天，明天就更！
2022-12-21 08:50:02,我去，十二天没更新了？！
2022-12-20 15:00:01,我去，十一天没更新了？！
2022-12-19 17:20:02,我就说阿根廷会赢吧
2022-12-18 21:30:02,今晚决赛了！我猜阿根廷赢！准不准不重要，主要是个情怀！
2022-12-17 20:10:01,南方是真享福呀，暖和的地方真是比冷地方强太多了
2022-12-16 19:30:02,这么勤政我不得休息休息？
2022-12-15 08:10:02,摩洛哥败了，我支持阿根廷！
2022-12-14 08:20:01,摩洛哥会不会得总冠军呀？
2022-12-13 10:00:01,
2022-12-11 18:40:02,关里是真暖和呀
2022-12-10 23:00:02,明天南下！
2022-12-09 02:00:02,我勤劳的我自己都害怕呀
2022-12-07 17:10:02,我要南下，东北太冷了
2022-11-30 16:50:01,
2022-11-26 20:20:01,下篇小国分两期，稍安勿鸽
2022-11-25 20:00:01,
2022-11-25 13:40:02,制定了个plan，完成了个p，因为lan
2022-11-25 13:30:02,指定了个plan，完成了个p，因为lan
2022-11-23 22:50:01,阿根廷:吾不孤矣
2022-11-23 22:40:02,今晚比赛精彩程度还行
2022-11-23 20:00:02,连着两天零比零，让我上去踢，我上去踢肯定不是零比零
2022-11-22 20:00:02,今晚的比赛依旧憋气，狠鸽！
2022-11-21 22:30:01,伊朗队太惨了，全程被压着打，气的我决定狠鸽几天
2022-11-21 20:30:01,我这个伪球迷今晚准备看一场比赛！
2022-11-19 21:40:01,世界杯要来啦
2022-11-19 17:20:01,小约翰风雪山神庙
2022-11-19 16:30:02,大梦谁先觉，我我我我我
2022-11-18 16:20:01,更完了，鸽一会
2022-11-18 07:00:01,今天！今天就更！
2022-11-17 11:10:02,明天！明天就更！
2022-11-16 11:00:01,后天就更小国啦！
2022-11-14 17:20:02,酥酥呀～
2022-11-13 19:40:01,想你时你在闹海
2022-11-12 15:20:01,通辽下大雪啦
2022-11-11 20:10:02,下一篇小国我还挺满意的，我先自己留着鉴赏鉴赏
2022-11-11 07:10:02,疯狂星期五，V我500！
2022-11-10 17:00:01,疯狂星期四，V我50！
2022-11-08 19:40:02,我可要更了啊！
2022-11-07 15:40:02,卡布达！
2022-11-06 17:20:01,无奖竞猜猜一下下个小国是哪里？提示一下，是个富国
2022-11-05 05:30:02,我宣布这个月猛鸽！
2022-11-04 20:10:02,我宣布这个月猛更！
2022-11-03 10:20:02,我美吗？
2022-11-02 10:40:02,写稿太难了～太难了～难了～了～
2022-11-01 13:50:01,
2022-10-29 19:40:02,多冷的隆冬多冷的隆冬多冷的隆冬哒哒哒
2022-10-29 17:10:02,天冷啦
2022-10-28 09:20:02,一会更啦
2022-10-26 12:30:02,依然范德彪
2022-10-24 21:00:02,下次更新会是在下次哦～
2022-10-15 12:20:02,
2022-10-14 09:00:01,今天更啦
2022-10-13 12:40:01,支持我拖更的扣1，不支持我拖更的请给出费马大定理的证明过程
2022-10-12 20:50:01,荒野大镖鸽
2022-10-12 20:30:01,明天更！
2022-10-12 13:40:01,升温了，大雪无影无踪～
2022-10-10 15:30:01, 通辽下大雪啦
2022-10-08 20:50:02,赛博朋鸽2022
2022-10-07 13:00:02,今儿我鸽，明儿他鸽，以后不就天天有人鸽了？
2022-10-07 10:50:02,昨天更啦
2022-10-06 10:20:02,中午更啦
2022-10-05 09:00:02,明天接着更
2022-10-04 10:40:01,马上更啦
2022-10-02 16:30:02,快更啦
2022-10-01 20:40:02,(ꐦÒ‸Ó）
2022-10-01 06:40:02,国庆快乐
2022-09-30 08:10:01,早！上！好！
2022-09-29 16:30:01,国庆大更
2022-09-29 16:20:02,
2022-09-28 19:30:02,准备偷袭
2022-09-27 15:30:01,下一个小国做完啦，但要在合适的时间发
2022-09-27 08:10:02,阿～门～
2022-09-25 11:40:02,在通辽，有什么是永恒的？暂时的拖更
2022-09-24 16:40:02,刚吃了个牌子的雪糕特别好吃，为了防止大家觉得我打广告，名字我就不说了
2022-09-23 08:20:02,给大家拜个晚年，祝大家晚年幸福！
2022-09-21 13:50:02,实在是不知道更新啥签名了，给大家拜个早年吧！
2022-09-20 19:10:01,(ꐦÒ‸Ó)
2022-09-17 17:00:01,准备整个小国
2022-09-16 22:00:01,准备一次偷袭式更新
2022-09-16 12:50:01,更了！（上次）
2022-09-16 11:40:01,更了！（昨天）
2022-09-14 11:10:02,更了！
2022-09-14 11:00:01,马上更了！
2022-09-13 12:10:02,快更了快更了！
2022-09-12 12:30:01,不知天上宫阙，今鸽是何年
2022-09-12 11:20:01,月饼有肉不在褶上
2022-09-10 21:40:02,月饼好吃莫过五仁
2022-09-10 08:50:02,哇呀呀呀呀呀呀，今年中秋不更新呀～不～更～新～
2022-09-09 08:30:02,约老师，发生甚么事了？
2022-09-08 10:40:01,翰本初
2022-09-07 12:00:02,吃我一箭！
2022-09-06 09:50:02,鸽着呢别催啦
2022-09-05 11:50:01,啊啊啊～啊啊啊黑猫警长
2022-09-03 12:20:02,偷袭成功！
2022-09-02 16:50:01,今日偷袭失败，明日继续偷袭
2022-09-02 15:00:02,月鸽骑士
2022-09-02 09:20:01,今天将继续偷袭式更新
2022-09-01 20:10:02,我已到达通辽，感觉不太良好，犯鼻炎了(／_＼)
2022-09-01 10:10:02,我已到达通辽，感觉良好
2022-08-31 16:40:02,
2022-08-30 06:10:01,你甚至不愿意叫我一声鸽宗
2022-08-29 00:00:02,下一期小国视频，将串联起奇葩小国的半壁江山
2022-08-28 21:20:01,下一期视频，将串联起奇葩小国的半壁江山
2022-08-26 10:10:01,脸小如我
2022-08-24 22:30:01,下一期就是新系列了
2022-08-23 19:20:01,南京凉快了！凉快了！！
2022-08-23 12:10:01,南京的高温就要结束啦！
2022-08-21 20:10:01,乐事新出的铜锅涮口味是真的好吃
2022-08-21 15:40:02,我不时尚吗？难道我不时尚吗？！
2022-08-20 18:00:01,下点雨啦终于
2022-08-20 11:50:01,
2022-08-19 09:40:01,疯狂星期五会更新吗？
2022-08-18 10:50:02,疯狂星期四文学是支撑我度过每一周的动力
2022-08-16 20:30:02,因伤拖更不过分吧？
2022-08-16 16:40:01,轮椅飙车的梦想失败了，这玩意太沉了
2022-08-15 22:10:02,小约翰的拐杖——鸽崴拐
2022-08-15 21:30:02,待老夫明天尝试一下轮椅飙车
2022-08-15 13:30:02,谁能想到，我也能整锯子剌大腿的狠活了呢？
2022-08-15 12:50:01,南京的高温让我挂彩了(*꒦ິ⌓꒦ີ)
2022-08-14 16:20:02,天这么热，得来根雪糕
2022-08-13 17:30:02,卖雪糕啦！
2022-08-13 09:50:01,肝稿中，勿扰
2022-08-12 11:50:02,偷袭失败，准备拖更
2022-08-11 08:50:02,偷袭式更新
2022-08-09 11:30:01,太热了，实在是太热了！
2022-08-07 10:20:02,天太热，拖更！
2022-08-06 21:10:01,头像越蓝，鸽宗越闲
2022-08-05 21:00:01,头像越粉，鸽的越狠
2022-08-05 19:10:01,南方是真热呀～
2022-08-04 08:40:02,啥七夕呀，不就是疯狂星期四吗？
2022-08-01 10:10:02,报仇雪恨般的拖更
2022-08-01 09:10:01,报仇雪恨般的更新
2022-08-01 07:20:01,汉家旌帜满阴山，不遣胡儿匹马还
2022-07-30 11:20:02,更了
2022-07-29 09:00:01,明！天！更！
2022-07-28 10:20:01,这个裙子好好看
2022-07-27 09:20:02,下一期视频与孔波雷有关
2022-07-26 12:40:01,更了
2022-07-26 12:00:02,稍等片刻
2022-07-26 10:30:02,视频还没传完，没法十一点准时发了，延后亿点点
2022-07-25 21:40:02,明天更小国！
2022-07-25 13:00:01,朋友们，快更了！
2022-07-24 10:20:01,趁人不备填个坑
2022-07-23 12:00:02,对不起对不起，我不懂规矩
2022-07-23 11:40:01,对不起对不起马老师，我不懂规矩
2022-07-21 23:10:01,夜半钟声到客船，写篇小国确实难
2022-07-21 15:00:02,姑苏城外寒山寺，又到疯狂星期四
2022-07-20 18:10:02,有了肯德基，生活好滋味
2022-07-20 13:30:01,通辽无道鼠当权，常恰还想要三连，不如随我反了去，高呼我主星野源！
2022-07-20 07:30:02,我发现一首好歌，将来用在视频里
2022-07-19 11:00:01,给大家开个眼！
2022-07-18 17:30:02,雨好大
2022-07-18 13:20:01,下个月，一定给大家一个惊喜
2022-07-17 09:20:02,这个约翰不太鸽
2022-07-16 20:50:01,
2022-07-16 20:40:01,火德星君
2022-07-15 21:20:02,明天休息
2022-07-15 09:30:02,今天更！
2022-07-14 18:20:01,咕勇者
2022-07-13 20:10:02,哭墙难产，皆因画师怠惰
2022-07-13 19:30:02,说了会大更就一定会大更
2022-07-13 19:00:01,是主页有bug，大家稍安勿躁哈
2022-07-13 17:40:02,四百五十三万关注，每个月抽一百个，只需要区区3775年就能都抽个遍了呀！
2022-07-13 08:40:02,蒂凡鸽的早餐
2022-07-12 22:30:01,会更的会更的
2022-07-12 21:50:01,明天给大家抽点扑克牌
2022-07-12 13:40:01,不能鸽的秘密
2022-07-11 14:50:02,小约翰的救赎
2022-07-11 12:20:02,圣伊丽莎白的救赎
2022-07-11 08:10:01,大家，早！上！好！
2022-07-10 22:00:02,大家晚上好！
2022-07-10 15:50:01,巴山楚水凄凉地，平面直角坐标系
2022-07-09 16:40:02,斯里兰卡总统离开了科伦坡
2022-07-09 07:00:02,镜像拉姆即将登场
2022-07-08 22:40:02,通辽下大雨啦
2022-07-08 18:00:02,大更即将开始
2022-07-07 17:40:02,这个约翰就是逊啦！​
2022-07-06 19:40:02,头像库告急呀！
2022-07-06 18:50:01,下一期并不会是第一百期
2022-07-06 17:00:02,本月我将报仇雪恨般的更新，但现阶段还是要鸽
2022-07-06 10:50:01,猛鸽大汗
2022-07-05 17:40:01,观众以痛催我，我却报之以鸽
2022-07-05 13:10:02,生命如水，岁月如鸽
2022-07-04 21:40:01,放暑假喽
2022-07-04 14:10:01,意识流
2022-07-03 22:30:01,我视频亦未尝不鸽！
2022-07-02 23:40:02,下一次更新会是在下次
2022-07-02 19:30:01,(灬ꈍ εꈍ灬)
2022-07-02 16:00:01,( ﹡ˆoˆ﹡ )
2022-07-02 14:20:02,蠢材，你更了甚么？
2022-06-30 20:30:02,更了
2022-06-30 19:20:02,马上更
2022-06-30 14:10:02,我开始留头发，减重，换风格，开始往前冲，不好意思阿，这一次，肯德基疯狂星期四，我一定要吃。
2022-06-30 10:30:02,疯狂星期四都疯狂不起来了
2022-06-29 20:30:02,要更了要更了
2022-06-29 13:30:01,在更了在更了
2022-06-29 13:10:01,网速不行，更新暂缓
2022-06-28 11:20:01,非洲三大暴君的第五个人将要登场（指新建文件夹）
2022-06-28 10:20:01,非洲三大暴君的第五个人将要登场
2022-06-27 19:50:01,
2022-06-26 15:30:02,一招鲜，鸽遍天。
2022-06-25 22:40:01,父老兄弟听我鸽
2022-06-25 09:10:01,昨天已经更过了，歇歇
2022-06-24 09:10:02,今天更了
2022-06-23 08:10:02,我去买几个橘子，你站在这里，不要走动
2022-06-22 19:40:01,没活了，准备更新（新建文件夹）
2022-06-22 19:00:01,没活了，准备更新
2022-06-22 11:10:02,没活了，谁给我买个打火机
2022-06-22 10:40:01,热烈庆祝夏至过去了一天
2022-06-21 19:50:02,想吃西瓜馅的饺子
2022-06-21 13:10:01,夏至不端饺子碗，热掉耳朵没人管
2022-06-21 11:50:01,今天夏至呀！
2022-06-20 19:30:01,通辽的大风呼呼吹～
2022-06-20 09:40:01,下期更新内容与此头像有关
2022-06-19 12:10:02,好热呀，夏天来了
2022-06-18 17:00:01,今天是硬核狠人系列开始一周年
2022-06-18 10:00:02,疯狂星期四过了两天了
2022-06-17 12:30:02,003下水啦！！！！！
2022-06-17 10:30:01,马上更了
2022-06-17 09:10:02,疯狂星期五啦！
2022-06-16 09:00:01,疯狂星期四啦！
2022-06-15 21:00:02,快更了快更了
2022-06-15 06:40:02,苦一苦观众，骂名我来担
2022-06-13 17:30:01,只顾了俊美，而不像了约翰
2022-06-13 15:30:02,下一次更新就在眼前！
2022-06-12 23:00:02,猜猜下一次更新是在什么时候
2022-06-12 15:30:01,哎哥哥
2022-06-11 21:20:01,约翰船长
2022-06-10 14:50:01,今儿我鸽，明儿他鸽，将来不就总有人鸽了？
2022-06-10 12:50:02,大有大的难处
2022-06-09 17:55:01,翰氏家族
2022-06-08 22:05:02,高考结束啦
2022-06-08 14:10:01,我好像讲过的内容里有压中历史题的？有做了相关题目的同学哭墙里说一声
2022-06-07 11:20:02,文曲星保佑大家考试顺利
2022-06-07 07:45:02,别看了！该高考了！
2022-06-02 19:40:02,大家端午节记得吃鸡蛋
2022-06-02 19:20:01,提前祝大家端午快乐
2022-06-01 15:35:02,换成了皮卡丘有没有感觉颜值变高了？
2022-06-01 13:05:02,下一期更新时间将在下一期更新时揭晓
2022-06-01 11:50:01,新视频有几处字幕错误，我改一下，大家稍安勿躁
2022-05-31 14:50:02,
2022-05-31 14:40:02,大鸽结束，准备大更
2022-05-30 13:20:02,大更之前必大鸽——必大鸽拉斯
2022-05-30 13:15:02,快更了快更了
2022-05-29 22:25:01,北吃羊来南吃蟹，东北大酱沾世界
2022-05-29 08:30:01,石龙对石鼠，金银万万五，谁人能识破，买下通辽府。
2022-05-28 22:45:01,下一期小国将在下一期更新时揭晓
2022-05-28 11:35:02,偌大通辽，居然一个猜中的人都没有，可惜了
2022-05-27 15:45:01,有奖竞猜，看大家能不能猜出来下一期小国讲哪个国家？
2022-05-27 14:10:01,玩累了，歇歇
2022-05-27 10:55:01,努力肝稿中
2022-05-26 18:20:01,这个人很良心，从来都不会鸽
2022-05-26 00:20:02,这个人狠神秘，什么都有没写
2022-05-25 23:55:02,妈呀，王心凌好可爱
2022-05-25 23:20:02,来吧！让催更如狂风暴雨般来历练我吧！
2022-05-25 20:00:02,此地无银一万六千五百八十二两式的拖更
2022-05-25 19:30:01,此地无银一万两式的拖更
2022-05-25 15:45:01,此地无银八百两式的拖更
2022-05-25 12:05:02,此地无银三百两式的拖更
2022-05-24 22:50:02,暗度陈仓式的拖更
2022-05-24 17:40:02,报仇雪恨般的拖更
2022-05-23 23:40:02,刚刚看到一个特别好笑的段子，不过签名里写不下，可惜了
2022-05-23 18:10:02,樱桃小鸽子
2022-05-23 09:00:01,大鸽天下，以示庆贺
2022-05-21 17:20:02,惩罚自己加鸽三天
2022-05-20 17:00:02,头像越粉，拖更越狠
2022-05-20 10:05:02,原来今天是疯狂星期五
2022-05-19 13:40:02,原来今天是疯狂星期四
2022-05-18 16:00:02,小约翰搬家——鸽不住了
2022-05-17 14:55:01,如果大家觉得弹幕变少了，可以在“设置”里关闭弹幕优选
2022-05-17 10:40:01,毕达鸽拉斯
2022-05-16 18:00:01,城头变换大鸽旗
2022-05-15 14:35:01,大更之后必大鸽
2022-05-15 10:30:01,我说我要更，你们还不信，我也很难办啊。
2022-05-14 23:00:01,怎么会有这么难的游戏呀？对新手太不友好了吧！
2022-05-14 21:00:02,游戏太难了，不好玩
2022-05-14 16:55:02,买了个新游戏，美滋滋
2022-05-14 14:35:02,皇牌空战7好玩吗？
2022-05-14 10:40:01,下一次更新竟然会是在下一次
2022-05-13 19:35:01,健身环大冒险确实挺锻炼
2022-05-13 08:45:02,辉夜更新啦！
2022-05-12 12:35:01,
2022-05-11 16:55:02,通辽需要新哭墙
2022-05-11 12:50:02,从此鸽宗不早朝
2022-05-10 23:25:01,《我们仍未知道那天所看见的鸽子的名字》​
2022-05-10 23:00:01,面约
2022-05-10 21:20:02,小约翰明天会更新吗？
2022-05-10 09:50:02,马科斯，你坐下，听俺说说心里话
2022-05-09 17:00:02,星之卡比好玩吗？
2022-05-08 13:45:02,塞尔达确实挺耐玩
2022-05-07 21:25:02,小约翰星矢
2022-05-07 20:45:02,小约翰星失
2022-05-07 10:50:02,对酒当鸽，人生几何！譬如朝露，去日苦多
2022-05-06 20:20:02,日催到夜，夜催到明，能催动鸽宗乎？
2022-05-06 17:00:01,我们仿佛是在对一个幻想中的up主催更
2022-05-05 22:50:01,这个人很秘神，什都么没写
2022-05-04 21:45:01,我觉得五仁月饼挺好吃呀，为啥很多朋友这么讨厌五仁馅月饼呢？
2022-05-04 08:15:01,签名位招租
2022-05-03 16:50:01,完了，改签名都没活了
2022-05-03 11:40:01,凑合鸽呗，还能鸽咋的
2022-05-02 11:25:02,凑合更呗，还能鸽咋的
2022-04-30 17:00:02,凑合鸽呗，还能更咋的
2022-04-30 08:45:02,八天了，已经八天了，你知道这八天我是怎么过得的吗？你知道吗？！
2022-04-29 10:15:01,七天了，已经七天了，你知道这七天我是怎么过得的吗？
2022-04-28 20:20:01,鸽者文明
2022-04-28 14:15:02,鸽着也是鸽着，不如先鸽着
2022-04-28 09:15:01,闲着也是闲着
2022-04-27 16:55:01,只有聪明人才能知道我下次什么时候更新
2022-04-26 11:50:02,只有聪明人才能看到本条签名的内容
2022-04-25 21:30:02,
2022-04-25 11:40:01,做个核酸
2022-04-24 12:35:02,报复性拖更
2022-04-23 17:40:02,还不快叫小约翰月老
2022-04-22 22:05:02,鸽累了，歇歇
2022-04-22 14:40:02,勤政结束，准备拖更
2022-04-21 11:10:01,我拿什么和他比，他吃肯德基都不用看星期几。
2022-04-21 11:00:02,小约翰明天会更新吗
2022-04-20 10:55:01,gswl——指鸽死我了
2022-04-20 08:35:01,你以为我在第一层，实际上我在第五层
2022-04-19 21:25:01,小约翰明天会更吗？
2022-04-19 17:15:02,哎，鸽麻了
2022-04-19 07:00:01,赞成我拖更的，哭墙下打上:赞成不赞成的请在哭墙上列出外星人存在的五条证据。
2022-04-18 14:25:02,自律的人有多可怕？0～8点:可怕8～16点:可怕16～24点:可怕
2022-04-17 22:05:01,谁是真正的一鸽？
2022-04-17 09:05:01,“小约翰，你本周还没更新呢”-“这，下周再更吧”
2022-04-16 15:15:02,只工作，不玩耍，聪明的约翰也变傻
2022-04-16 13:25:02,盯紧我的记忆消除器，告诉你，我昨天刚刚更新
2022-04-16 10:10:01,对于小约翰的拖更，谁支持，谁反对？
2022-04-16 10:00:02,每周六继续大摸一鱼
2022-04-15 14:15:02,每周五大摸一鱼
2022-04-15 08:20:02,小约翰搬家——鸽不住了
2022-04-14 14:50:02,学海无涯，鸽无止境
2022-04-14 11:25:01,学吧，太深了
2022-04-14 09:10:01,奇葩小国的进度跟GTA6同步
2022-04-13 17:55:01,奇葩小国马上了（新建文件夹）
2022-04-13 09:30:02,报仇雪恨般的拖更
2022-04-12 15:25:01,404了属于是
2022-04-11 18:30:01,西突厥历史上曾经跟东罗马结盟一起进攻波斯，震撼我一整年，打破次元壁了属于是
2022-04-10 16:15:01,诶呀诶呀不更新的日子我浑身就像有耗子在爬
2022-04-10 15:00:02,如果我今年更新了，那今年岂不是不用再更新了？
2022-04-09 13:55:01,奇葩小国将会在要更新的时候更新。
2022-04-08 16:35:02,在鸽了在鸽了（进度0.0001%）
2022-04-08 12:25:02,马上更了马上更了（进度0%）
2022-04-07 18:25:01,快更了快更了
2022-04-07 09:40:02,看头像知动态
2022-04-06 19:25:01,惭愧，惭愧
2022-04-06 13:50:02,举头见日，不见通辽
2022-04-06 11:25:01,本周什么时候更新？
2022-04-05 19:20:01,鸽宗拖更第二天，群臣称赞笑开颜
2022-04-05 09:20:02,通德基疯狂星期二
2022-04-04 17:25:02,通德基疯狂星期一
2022-04-04 15:55:01,好大的风呀
2022-04-03 22:10:02,大风呼呼吹～
2022-04-03 13:15:03,下一期的狠人挺有意思的
2022-04-02 20:45:01,好家伙
2022-04-02 19:30:01,我确实是想给大家多抽一些的，可是我发货实在发不过来……
2022-04-02 15:00:01,本轮抽奖，中奖几率居然高达二十万分之一，每天一抽，只需要区区547年就抽到了，什么叫做仁君呀～
2022-04-02 14:35:01,本轮抽奖，中奖几率居然差高达二十万分之一，每天一抽，只需要区区547年就抽到了，什么叫做仁君呀～
2022-04-02 14:15:01,本轮抽奖，中奖几率居然差高达二十万分之一，什么叫做仁君呀～
2022-04-01 21:20:02,时代呼唤新的哭墙
2022-04-01 21:05:02,我在憋一份大礼
2022-04-01 20:50:01,我不必更新，自有通辽藩王们替我更新，省心呀
2022-04-01 14:40:01,这个月鸽八次哈
2022-04-01 00:05:01,这个月更新八次哈
2022-03-31 12:15:02,拥有B站六级号的朋友们，可以试一试答题成为硬核会员哈，我已经成功了
2022-03-31 12:10:01,拥有B站六级号的朋友们，可以试一试新的会员体系哈，我已经得到了
2022-03-30 18:40:01,这就是你鸽掉的借口～如果当你重新来过～你会不会～
2022-03-30 09:05:01,早起录音录了40分钟，正准备结束时，发现自己忘开麦了……
2022-03-29 10:25:02,粉呼一何怒，汗啼一何苦？
2022-03-29 09:00:01,下一期狠人系列挺有意思的（新建文件夹）
2022-03-28 10:15:02,下一期小国挺有意思的（完成度0%）
2022-03-27 14:20:01,
2022-03-27 11:55:01,还求什么姻缘，求我吧，我比月老还好使……
2022-03-27 11:40:01,还求什么姻缘，求我把，我比月老还好使……
2022-03-27 08:50:02,请叫我当代丘比特
2022-03-26 15:00:02,炒土豆丝，yyds
2022-03-26 14:05:01,
2022-03-26 11:40:02,新麦克风效果没有那么好，下一次用旧麦吧
2022-03-26 00:15:01,我梦见柏拉图托梦给我，让我把下一个歇后语安排给亚里士多德
2022-03-25 16:45:02,啥游戏架得住出门就完蛋呀！
2022-03-25 11:25:02,彩虹六号确实难
2022-03-25 10:20:01,如果不出意外的话，应该是明天更，如果出了意外的话，那可能也是明天鸽。
2022-03-25 08:35:02,一滩复一滩，一滩高十丈，三百六十滩，新安在天上
2022-03-24 12:10:02,买个彩虹六号都能买错……白花二百多
2022-03-24 10:35:02,很喜欢人间失格中一句话:今天疯狂星期四
2022-03-23 16:45:01,
2022-03-23 10:40:02,小约翰可汗（通辽五中限定版）
2022-03-22 17:15:01,这个人很神秘，什么都没有说
2022-03-22 11:25:02,这个人很神秘，什么都没有
2022-03-21 17:35:02,
2022-03-20 13:10:01,我实在是太勤政了，要不奖励自己鸽一段时间吧
2022-03-20 11:55:01,我实在是太勤政了
2022-03-20 10:45:01,逃避可耻，但是有用
2022-03-20 09:50:01,我被诅咒了！我把一周三鸽说成了一周三更！误会了，都是误会
2022-03-19 20:30:01,小约翰说一周三更，那么如果今天不更，可能就会是明天更。如果明天不更呢？那可能就确实不更了。
2022-03-19 09:50:02,
2022-03-18 09:55:01,开门，通辽官军来啦！
2022-03-17 20:30:02,这是一首简单的小擒鸽～
2022-03-16 21:35:02,乔峰为什么为江湖所不容？因为他通辽。
2022-03-16 21:25:01,开门！通辽马库特！
2022-03-16 19:35:01,开门！可鸽勃！
2022-03-16 14:30:01,
2022-03-16 12:00:02,我都说了是一周更新三次，为什么没有人相信呢？！TNND！信呀！为什么不信？！
2022-03-16 10:35:02,本次辍朝时间长达十二天，史称“鸽宗怠政”
2022-03-16 10:20:01,哈！
2022-03-15 16:15:02,你们不相信我一周能三更？不相信我可就不更了
2022-03-15 15:20:01,我宣布本周三更！（意思是更新三次）
2022-03-15 14:35:02,我宣布本周三更！
2022-03-15 00:35:02,鸽宗拖更十一天，群臣欢喜赞连连
2022-03-14 15:00:02,报仇雪恨般的拖更是为了一泻千里式更新
2022-03-13 22:55:01,辉夜的下一季是不是四月份更新？？期待
2022-03-13 22:15:02,下一次更新的时候会在下一次
2022-03-13 17:00:02,再苦一苦通辽子民，骂名你来担
2022-03-13 16:25:01,观众苦不堪言，大家也一样吧！在b站催更的朋友们， 要拿头像换视频看，画师们作出来的画 自己都用不上。子民没有视频，翻来覆去煎熬不堪，可汗一定
2022-03-13 09:45:02,鸽宗拖更第九天，群臣欢喜笑连连
2022-03-13 09:40:02,唉，算了，什么样苍白的语言都掩盖不了我拖更的事实，可是你们甚至不相信我这个月会报复性更新。
2022-03-12 20:35:02,历史给我的名字叫做通勤宗
2022-03-12 13:20:01,没更就是没写
2022-03-12 10:15:01,更宗鸽不鸽？鸽！
2022-03-12 09:30:01,鸽宗更不更？不更
2022-03-11 15:35:01,这次我可真是报仇雪恨般的拖更了
2022-03-11 15:30:02,鸽坛豪杰
2022-03-11 07:25:02,只要我鸽的够快，催更就跟不上我
2022-03-10 16:30:01,彩虹小马机枪鸽
2022-03-10 14:20:02,鸽！不鸽不是好汉！
2022-03-09 21:50:02,有村架纯好可爱
2022-03-09 09:15:02,报仇雪恨般地拖更
2022-03-08 23:00:01,报复性拖更
2022-03-08 22:10:01,报复性换头像
2022-03-07 20:45:01,
2022-03-07 11:55:02,终于可以改了！
2022-03-02 06:55:02,辉夜竟是我自己
2022-03-01 09:20:02,啊啊啊，啊啊啊黑猫警长
2022-03-01 07:25:01,啊啊啊啊啊啊啊啊啊啊
2022-02-28 21:00:01,
2022-02-26 20:15:01,先鸽为敬
2022-02-25 13:40:01,大家都去关注新闻了，这几天我就先鸽了哈
2022-02-25 12:00:01,
2022-02-25 11:10:01,我需要休息
2022-02-24 20:40:01,我本来写好了乌克兰的稿子，既然他们打起来了，那我就不发了。
2022-02-24 20:35:01,真要看这个事是什么结果吧，还得等结果出来以后再说。
2022-02-24 13:25:01,我鸽了这么久，就是为了等一个机会！
2022-02-24 12:20:02,这回不必再催更乌克兰了
2022-02-23 20:05:01,
2022-02-23 09:05:01,通辽无道鼠当权，常鸽还想要三连。不如随我反了去，高呼我主星野源！
2022-02-22 19:30:01,
2022-02-21 21:45:02,速去哭墙
2022-02-19 11:25:02,哈！彩虹小马机枪哥！
2022-02-18 20:25:01,感觉不需要视频，哭墙也可以满足大家的需求
2022-02-18 13:00:01,我是个讲道理的人，说了今天鸽，那今天就一定会鸽。
2022-02-17 22:20:02,通勤宗就是我
2022-02-17 17:10:02,怀民亦未寝
2022-02-17 16:25:01,
2022-02-17 07:50:01,不能更哭墙啊，更了还怎么刷热评呀？！从两万多评论里卷出来的热评，那能错的了吗？
2022-02-16 19:15:02,哭墙一千万浏览了，等到一亿浏览再换吧
2022-02-16 07:55:01,今日无事
2022-02-15 08:35:01,吃汤圆喽！（端上来）
2022-02-14 12:05:01,感谢大伙祝福，但我从来不过生日，八十大寿的时侯给大家整个活吧
2022-02-14 10:20:01,节日倒是节日，快乐可能未必
2022-02-13 22:30:01,看头像知行动
2022-02-13 08:55:01,清君侧，诛晁错
2022-02-12 22:50:02,哭墙至今已经二十多天，浏览量仍未到一千万，要尔等何用？！
2022-02-12 22:30:01,
2022-02-12 07:10:01,爷哥朕幼坐天堂，永定圣贤永荣光。天国万样鸽为首，太平一统天山江。勤政便是逆天父，更新只得乱朝纲。自今拖更鸽复鸽，天下群臣俱赞扬！
2022-02-11 07:55:01,鸽宗拖更第九天，群臣赞扬笑连连
2022-02-10 21:50:01,
2022-02-10 21:20:01,嗨，其实她也就那样
2022-02-10 20:55:02,孙艺珍结婚了，停更一个月以示庆祝！
2022-02-10 10:20:01,鸽宗拖更第八天，群臣快活似神仙
2022-02-10 08:30:01,距离上次更新已经八天，小约翰依然不为所动
2022-02-09 08:55:01,一鸽都不能少
2022-02-09 07:55:02,他大概的确是鸽了
2022-02-08 20:35:02,玛丽莲梦鸽
2022-02-08 18:15:02,鸽呀！为什么不鸽！
2022-02-08 10:35:01,大年初八星期二，谁更谁才有点二。
2022-02-07 22:05:01,真正的up主总是深不鸽测
2022-02-07 07:50:01,请你来到～我滴身旁～让我的心～不再流浪～
2022-02-06 10:50:01,鸽剧魅影
2022-02-05 19:10:02,这鸽视频，是多么一件美事呀
2022-02-04 22:45:01,这届开幕式真好呀
2022-02-04 21:20:01,简直是通辽宇宙大阅兵呀
2022-02-03 07:30:01,这次可是真要鸽了。
2022-02-01 07:30:01,春节了，奖励自己鸽几期
2022-01-31 21:05:01,新年快乐！
2022-01-31 14:30:01,我怕大年三十晚上祝福太多，所以把年三十取消了。 ​​​
2022-01-31 06:50:01,萨日朗萨日朗！
2022-01-30 16:00:01,应该不会有人跟我抢金钱豹头像吧？不会吧不会吧？不会有人信这个吧？
2022-01-30 15:40:02,信不信我明天还更？我反正不信
2022-01-30 11:30:01,更呀！怎么不更！
2022-01-29 12:30:01,
2022-01-29 11:35:01,硬核狠人系列大家会看腻吗？
2022-01-28 18:15:01,
2022-01-28 10:10:01,我已经不喜欢新垣结衣了，我现在最喜欢孙艺珍。
2022-01-27 23:05:01,今日更五期，明日更十期，然后得一夕安寝。起视四境，而粉丝又至矣。然则可汗之更有限，粉丝之欲无厌，奉之弥繁，侵之愈急。
2022-01-27 22:40:01,不是我不想更，只是我网速实在不行呀
2022-01-27 09:40:02,我本来想今天更一期，可是我这里网不好，所以这期鸽了。
2022-01-25 20:45:02,我说约翰你说鸽，约翰——
2022-01-25 13:55:02,小年啦
2022-01-25 01:30:01,布基纳法索总统被政变士兵扣押
2022-01-24 16:05:02,大贤至圣先师
2022-01-23 14:40:02,这个人很神经，什么都没有写
2022-01-23 12:55:01,
2022-01-22 21:25:02,请大家不要去无关的视频下艾特我和刷梗，谢谢
2022-01-22 16:55:02,辽东总兵李成梁
2022-01-21 22:00:01,对不起对不起，我不懂规矩（马式发音）
2022-01-21 20:35:02,我鸽了
2022-01-21 19:55:02,听完小策唱歌后，我看谁还说我敢唱
2022-01-21 18:45:01,鸽宗会鸽吗？
2022-01-21 15:45:01,告白气球风吹到对街你有点难追
2022-01-21 15:40:01,告白气球风吹到对接你有点难追
2022-01-21 11:30:01,一会我会整一个惊世骇俗的活
2022-01-20 22:00:01,套马滴～汉子～你威武雄壮
2022-01-20 09:25:01,像我这样勤劳的up主不多了
2022-01-19 09:40:01,我觉得我应该被称为通勤宗
2022-01-18 20:25:01,淡黄的长裙，蓬松的头发
2022-01-18 18:55:01,通辽双料特工加西亚
2022-01-18 16:15:01,偷袭！（马式发音）
2022-01-17 21:40:02,小约翰（加尔铁里版）
2022-01-17 16:15:02,鸽麻了
2022-01-16 18:45:01,小约翰啊小约翰，你怎么能如此懒惰？
2022-01-16 13:35:02,一人一句段子，请在哭墙留言
2022-01-16 11:10:01,鸽
2022-01-15 14:40:01,吃我一剑！
2022-01-15 07:30:01,杜特尔特行为
2022-01-14 21:35:02,说鸽就鸽，也是一种不鸽——鸽德
2022-01-13 22:30:01,别看我今天鸽了，但你根本猜不到其实我明天还会鸽
2022-01-13 16:35:02,今天就让你们知道谁才是真正的鸽宗！
2022-01-13 08:20:01,通辽宗室逐渐凋零
2022-01-12 11:30:01,新的一年也要继续鸽呀！（击掌）
2022-01-12 00:25:01,都快不够他忙活的了（诺列加如是说道）
2022-01-11 14:30:01,奖励自己再鸽几天
2022-01-11 14:15:01,感恩家银
2022-01-11 13:15:02,
2022-01-10 22:05:01,玉玉了
2022-01-10 10:20:01,听了王菲的歌，感觉自己被超度了
2022-01-09 17:30:01,通辽可汗（利比亚限定版）
2022-01-08 21:15:01,通辽可汗（乌干达限定版）
2022-01-08 16:10:01,我知道你们在催更。你们的催更非常有价值。但是我选择鸽。
2022-01-08 09:55:01,请为我献上一曲忠诚的赞鸽
2022-01-08 07:20:02,更更更，更更更鸽鸽更，更更更更，鸽鸽鸽更，鸽鸽鸽更，鸽鸽鸽～更！（脑补20世界福克斯片头音乐）
2022-01-07 16:55:01,“我拿什么跟他比 他吃肯德基都不用等疯狂星期四”
2022-01-07 13:30:01,居然一年没更新了呀
2022-01-06 20:30:01,我更了一年视频，就不能享受享受吗？接着奏乐接着舞！
2022-01-06 20:25:02,我会展现一次惊人的大鸽
2022-01-05 19:30:01,你有本事鸽视频，你有本事更新呀！
2022-01-04 22:30:02,玉玉了
2022-01-04 14:50:01,鹅鹅鹅，曲项向天鸽
2022-01-03 20:05:01,哪有children day day哭，which gambler回回输？
2022-01-03 08:00:01,我的大鳄鱼生涯——呲牙、磨牙到剔牙
2022-01-01 06:40:01,元旦快乐
2021-12-31 10:05:02,感谢大家
2021-12-30 11:05:01,罗马正统在通辽
2021-12-29 13:15:01,哈哈哈，笑死
2021-12-29 09:40:01,爷哥朕幼坐天堂，天国太平空中扬，天国万样爷为头，太平一统天山江；神将天将尽协力，普天一体共父皇，自今玺印通改刻，顶天共力扶朝纲。
2021-12-29 09:30:02,爷哥朕幼坐天堂，天国太平空中扬，天国万样爷为头，太平一统天山江；神将天将尽协力，普天一体共父皇，自今玺印通改刻，顶天共力扶朝纲！
2021-12-27 23:45:01,鸽。——请分析，这个鸽用的好不好，好在哪里？（10分）（内蒙古.通辽）
2021-12-27 23:15:02,哎。——请分析，这个哎用的好不好，好在哪里？（10分）（内蒙古.通辽）
2021-12-27 16:30:02,萨达特这期应该是史上最长的一期了
2021-12-25 11:25:01,明天鸽了
2021-12-24 18:20:01,明天更了
2021-12-24 11:55:01,虽然小约翰更的少，但他鸽的多啊​
2021-12-24 09:30:02,鸽还是我能鸽啊
2021-12-22 18:10:01,请把我的鸽，带回你的家
2021-12-22 10:05:01,幸甚至哉，鸽以咏志
2021-12-21 17:15:01,鄙人，鸽麻了
2021-12-20 10:40:02,鄙人，鸽麻子
2021-12-19 22:30:01,鸽宗没活了，签名都想不出来了
2021-12-18 22:20:01,通辽的阴影
2021-12-18 07:30:01,鸽鸽鸽鸽鸽鸽鸽鸽鸽鸽鸽鸽鸽鸽
2021-12-17 09:25:01,夏天的风我永远记得～
2021-12-16 17:00:01,
2021-12-16 16:25:01,一睾人胆大
2021-12-16 11:30:01,John Bond
2021-12-15 23:45:01,如此怠政，怎么对得起汗国上下？！
2021-12-15 20:35:01,早知如此，何必把我嫁到那个见不得人的去处
2021-12-15 09:35:02,我发昏了，我的嘴像是有茄子塞着，更不了了
2021-12-14 18:25:02,
2021-12-14 18:10:01,我永远也读不对“棉兰老岛”
2021-12-13 09:10:01,
2021-12-11 17:15:01,老通辽的爷就是爷，一天到晚除了吃就是鸽，没别哒
2021-12-11 14:10:01,通天纹正黄旗
2021-12-10 22:55:01,翰昭烈帝
2021-12-10 14:45:01,李白斗酒鸽百篇
2021-12-09 21:45:02,杰克丘吉尔
2021-12-09 21:35:01,不要总是过度解读别人的话，我说的所有话都是字面意思
2021-12-09 21:30:01,……我是在说我自己，不要过度解读……离谱
2021-12-09 13:25:01,他必将如闪电般鸽来
2021-12-08 09:15:01,本世纪不是已经更新过了吗？为什么还要更新？！
2021-12-07 22:05:02,望之不似人君
2021-12-07 16:30:02,学废了
2021-12-07 14:20:01,已经学会了，谢谢大家，正在打DLC
2021-12-07 13:30:02,《城市:天际线》的区域划分功能怎么用呀？为什么我划分了旅游娱乐区以后，盖出来的建筑还跟普通建筑一样呢？
2021-12-07 07:55:02,爷哥朕幼坐天堂，天国太平空中扬，天国万样爷为首，太平一统天山江，神将军师师旅帅，顶天共力扶朝纲，归荣天朝方真义，天父包容乃万方。
2021-12-07 06:45:01,爷哥朕幼坐天堂，太平天国空中扬，天国万样爷为首，太平一统天山江，神将军师师旅帅，顶天共力扶朝纲，归荣天朝方真义，天父包容乃万方。
2021-12-07 06:40:01,爷哥朕幼坐天堂，天国太平空中扬，天国万样爷为首，太平一统天山江，神将军师师旅帅，顶天共力扶朝纲，归荣天朝方真义，天父包容乃万方。
2021-12-07 06:35:01,妈呀，距离上一次更新居然已经八天了呀？！
2021-12-06 18:55:01,妈呀，距离上一次更新居然已经七天了呀？！
2021-12-06 09:45:01,大小众臣工，见图止行踪，得诏方得催，否则雪云中
2021-12-05 21:00:01,停更三十年以配合此头像
2021-12-05 20:40:01,停更三十天以配合此头像
2021-12-05 10:35:02,吃他娘，喝他娘，吃完喝完迎闯王！
2021-12-04 18:00:02,开门！北镇抚司！
2021-12-04 13:50:02,剑圣可汗！
2021-12-03 20:20:02,你甚至不愿意叫我一声宝鸽鸽
2021-12-03 19:05:01,张麻子
2021-12-03 12:15:01,翰昭烈帝
2021-12-02 18:50:01,天可汗
2021-12-02 09:05:01,则天大圣限定款
2021-12-01 09:40:01,这个人是神人，什么都不敢写
2021-11-30 21:10:02,今晚我让你们出乎意料！
2021-11-29 18:20:02,这个人很神叨，什么都往上写
2021-11-29 11:05:01,这个人很神秘，什么都不会写
2021-11-28 17:00:01,
2021-11-28 15:55:02,视频字幕和素材有误，需要换源
2021-11-28 13:20:02,不好意思大伙，我念稿念到脑子缺氧，把1967念成1957了
2021-11-28 12:00:02,更新了！
2021-11-28 11:15:01,别吃，等我
2021-11-27 21:20:02,哈哈哈哈哈哈，笑坏我了
2021-11-27 11:00:02,翰堡包
2021-11-25 22:35:01,我佛，不渡憨批
2021-11-25 13:10:02,小约翰怒敲木鱼
2021-11-24 12:35:02,啊拉萨啦拉卡拉卡巴拉卡罗卡
2021-11-23 14:05:01,朴信惠结婚了55555555
2021-11-23 12:00:01,全小将呀！
2021-11-23 09:15:01,全斗焕死了！
2021-11-22 22:25:02,我真傻，真的，我从一开始就不该写中东的故事。
2021-11-22 20:30:01,要不埃及后两篇不做视频发文章吧
2021-11-22 17:10:02,没有抖音号，所有抖音叫小约翰可汗的均不是本人
2021-11-21 22:15:01,天青色等烟雨，而我在鸽你。约色被打捞起，远去的爱理。
2021-11-21 21:55:02,天青色等烟雨，而我在鸽你。约色被打捞起，平淡的鸽你。
2021-11-21 15:40:01,如图
2021-11-20 21:00:01,约翰.马斯顿
2021-11-20 11:40:01,查理二世
2021-11-19 20:55:01,你就站在此地，不要走动
2021-11-19 01:10:01,
2021-11-19 01:05:02,清教徒约翰
2021-11-18 15:05:01,没有粉丝群没有抖音号大家不要被骗
2021-11-18 14:40:01,没有粉丝群没有粉丝群没拉过任何粉丝群千万不要被骗
2021-11-18 08:00:02,水库门约翰
2021-11-17 22:05:01,我要挑战一下我的极限
2021-11-16 23:05:01,通辽球
2021-11-16 10:55:01,经常换头像是出于什么心理？
2021-11-16 08:55:02,舒克舒克舒克舒克开飞机的舒克
2021-11-15 08:50:01,
2021-11-14 15:15:01,不要催更埃及下，下一集只是埃及中，缘分到了自然会更新
2021-11-13 22:50:01,头像储备已经告罄了，通辽画师们为什么这么懒？！怎么不抓紧更新头像呢？
2021-11-13 09:15:01,今天已经是疯狂星期六了
2021-11-12 10:25:01,今天已经是疯狂星期五了
2021-11-11 18:40:01,怎么可能有人用签名恰饭呢？只是因为今天确实是肯德基疯狂星期四
2021-11-11 13:35:01,某个人不回消息永远别回了，终究是我不重要了吗？我为什么找你你不明白吗？如果你还想挽留我们的关系，今天是肯德基疯狂星期四，请我吃我就原谅你
2021-11-10 16:50:01,感谢大家关心，但是我不在通辽（∩△∩）
2021-11-10 16:25:01,
2021-11-10 11:25:01,这哪里是鸭子？这明明就是耗子
2021-11-09 13:15:02,
2021-11-08 21:25:02,通辽雪太大了，鸽一下以示纪念
2021-11-08 14:25:01,通辽的雪下的老大了（我听说的）
2021-11-07 15:15:01,八恶人
2021-11-06 08:20:01,上一个签名是我随便打的，哈哈哈
2021-11-05 18:25:02,Sidsusi  ubongd  dversid vikiers
2021-11-05 12:35:02,Sidsusi  ubongd  dversid viking 
2021-11-04 09:15:02,埃塞尔比亚进入紧急状态，叛军逼近首都
2021-11-02 23:00:01,
2021-11-01 12:10:01,How dare you？！
2021-10-31 11:35:05,征服鸽谭
2021-10-31 10:50:01,蝙蝠侠
2021-10-31 09:20:01,小约翰今天会更新吗？
2021-10-30 15:15:02,管他是谁，超进化就完事儿了
2021-10-30 15:05:02,天女兽超进化！
2021-10-30 13:30:01,通辽总兵
2021-10-30 11:25:01,老乡，借个军功？
2021-10-28 17:30:02,唉！想到了一个好梗，没有用到视频里真是可惜
2021-10-28 13:10:01,纳赛尔的故事咋说呢，，大家得看下集
2021-10-27 17:05:01,明天的小约翰会更新吗？答案竟会在明天揭晓
2021-10-26 22:05:01,说鸽就鸽，也是一种不鸽——鸽德
2021-10-26 18:25:01,
2021-10-26 17:50:01,会有人爱看太平天国史吗？
2021-10-26 13:50:02,卢泰愚死了
2021-10-25 12:10:01,苏丹爆发军事政变，唉
2021-10-25 12:00:02,
2021-10-25 09:45:01,抽着烟，望着天，舒服一天是一天
2021-10-24 10:45:01,得诏方得见，否则雪云中
2021-10-22 15:20:01,埋头写稿，诸君勿扰
2021-10-22 15:10:01,
2021-10-22 14:30:01,感觉今天会成为我的职业滑铁卢
2021-10-22 10:40:02,今天中午不更了
2021-10-21 22:20:01,有缘签李来相会
2021-10-21 16:30:02,罗马正统在通辽
2021-10-21 08:20:01,《绝命毒师》
2021-10-20 12:25:01,鸽宗别鸽了
2021-10-20 10:25:01,阴天下雨，不用上班，美滋滋，嘻嘻
2021-10-19 19:40:01,写了一个克格勃版的《罗生门》的故事
2021-10-19 17:55:01,梵高可汗
2021-10-19 10:15:02,苏卡不列
2021-10-18 21:30:02,通辽可汗逐渐黔驴技穷
2021-10-16 14:25:02,通辽画师们逐渐黔驴技穷
2021-10-15 07:55:01,今日鸽
2021-10-14 10:10:02,墨hi鸽！
2021-10-14 09:05:02,
2021-10-13 23:25:02,因为1987年涉嫌杀害桑卡拉，孔波雷要在科特迪瓦受审了
2021-10-13 20:50:01,小丑竟是我自己
2021-10-13 20:40:01,感恩家银
2021-10-12 23:45:01,
2021-10-12 22:35:01,《鼠和老鼠》
2021-10-12 06:05:01,《我的机长皮带帅》
2021-10-11 20:00:01,啊！原来这是卡卡西啊！
2021-10-11 16:25:02,佐助皮肤
2021-10-11 13:55:01,阿明皮肤
2021-10-11 11:00:01,明军套装
2021-10-11 00:10:01,
2021-10-10 14:40:02,不管了，升天了
2021-10-10 13:10:01,妈的，换个张献忠
2021-10-09 22:00:01,
2021-10-09 21:50:01,一切都没有结果，一切都没有意义
2021-10-09 21:35:01,我准备把埃及分三集写了，太费劲了
2021-10-09 11:30:01,中东的故事真的能把人写到崩溃
2021-10-08 21:50:02,我是雷神托尔，为了北方神的荣耀！
2021-10-08 19:10:01,诶呀！结衣，不要这样不要这样！
2021-10-08 07:55:01,鸽匪来啦，通辽太平啦！鸽匪来啦，青天就有啦！
2021-10-07 22:25:01,警惕有人对小约翰打更新牌
2021-10-07 15:00:02,我整个人都斯巴达了！
2021-10-07 00:00:02,又变回东王了
2021-10-06 20:10:01,诺贝尔奖获得者了属于是
2021-10-06 17:45:02,东王小约翰
2021-10-06 14:35:02,谁能帮我p一个东王的头像啊？
2021-10-06 14:10:01,天父降诏给东王小约翰啦！快去传天王接诏！
2021-10-06 11:55:01,登月疑云
2021-10-06 08:25:01,哈！
2021-10-05 23:00:01,保翰派何在？！
2021-10-05 12:40:02,吃我一剑！
2021-10-05 10:20:01,麻匪来啦！
2021-10-04 22:55:01,黑猫警长
2021-10-04 22:10:01,老歪脖子树殿！
2021-10-04 15:30:01,成吉思翰
2021-10-03 22:05:01,《自画像》
2021-10-03 12:35:01,神机妙算翰
2021-10-02 20:00:01,吴京翰
2021-10-02 15:00:01,神算子约翰
2021-10-02 14:15:01,相面啦相面啦，手相一元面相五元！
2021-10-02 08:55:01,你甚至不愿意叫我一声鸽宗
2021-10-01 16:50:02,两期视频上传了，但是我就不发，嘿，就存着，就是玩
2021-10-01 12:30:01,国庆快乐
2021-09-30 19:10:02,国庆预热
2021-09-30 13:45:01,时代周刊封面人物了属于是
2021-09-30 08:50:01,西部快枪手约翰.摩根
2021-09-29 19:15:02,戴珍珠耳环的约翰
2021-09-29 15:10:01,但是借着剿匪赚钱的胆子我们不仅有，而且很大！
2021-09-29 13:00:01,向我开枪吧！向你们的可汗开枪吧！
2021-09-29 09:45:01,小约翰翻阅阿尔卑斯山
2021-09-29 07:45:01,他将如乐事般归来
2021-09-29 00:05:02,
2021-09-28 23:55:01,对，其实她就是和我结的婚
2021-09-28 22:10:02,整点阴间活
2021-09-28 17:05:02,你甚至不愿意叫我一声宝鸽鸽
2021-09-28 11:10:01,你这瓜保熟吗？！
2021-09-27 14:00:01,被自己美翻了
2021-09-27 12:55:02,拖稿大王就是我，二四六七八
2021-09-26 20:35:02,罗马正统在通辽
2021-09-26 07:50:02,这是约翰的一小鸽，却是通辽一大鸽！
2021-09-25 14:05:01,老大鸽！
2021-09-24 09:00:02,今日一小鸽，周末一大鸽
2021-09-23 16:15:01,明天一小鸽，周末一大鸽
2021-09-23 13:40:02,
2021-09-23 13:20:01,明天先小更一期，周末再大更一期
2021-09-23 12:00:01,算了，随他去吧
2021-09-23 11:00:01,我在纠结这周究竟应该怎么更，先放谁呢？
2021-09-21 21:35:01,祝大家中秋快乐，恕我不能一一回复了
2021-09-21 08:55:01,你甚至不愿意叫我一声鸽尔巴乔夫
2021-09-19 23:40:02,缅甸打起来了
2021-09-19 20:20:02,不行，征收画师暂停，私信太多实在看不过来
2021-09-19 08:35:01,开门！通辽马库特！
2021-09-18 20:05:02,小约翰可勋
2021-09-18 20:00:01,小约勋
2021-09-18 15:35:02,睡了个午觉，挺好
2021-09-16 22:15:01,天要下雨人要鸽啊
2021-09-16 11:15:01,植物椿能把我笑死
2021-09-15 10:40:02,奇葩小国系列是真的难写
2021-09-14 22:40:02,不吃一包乐事薯片，怎么能挨过写稿的漫漫长夜呢？
2021-09-14 14:40:01,总把新鸽换旧咕
2021-09-14 10:10:01,生产队的驴面对我也会留下羞愧的泪水
2021-09-13 18:30:01,小约翰更新的频率是真高啊
2021-09-13 08:55:01,上海的雨是真大啊
2021-09-11 10:50:01,对不起对不起观众老爷，我不懂规矩！
2021-09-11 10:15:02,"自恰饭以后，又长久没有看见更视频。到了周五，粉丝看下日历说，“可汗还鸽着呢！”到第二天的周六，又说“视频还是没更新呢！"""
2021-09-11 10:10:01,哈！
2021-09-10 10:40:01,啊！铃木爱理！
2021-09-09 12:10:02,中东的内容是真的难写，牵一发而动全身
2021-09-09 10:55:01,又一个肯德基疯狂星期四
2021-09-07 21:15:02,(❀｣╹□╹)｣*･
2021-09-07 16:10:03,其实我一直在构思中东系列
2021-09-07 08:40:02,哈哈哈哈哈哈哈
2021-09-06 17:05:01,哈哈，想不到吧其实你们根本想不到！
2021-09-06 09:40:01,为啥只要我一鸽视频，就会……
2021-09-06 07:40:01,
2021-09-04 17:30:01,大家不要催了，我这周真的不更了，这周没做内容
2021-09-04 06:15:01,我不做大鸽好多年
2021-09-03 17:25:02,请不要在其他up主下讨论我的内容，谢谢
2021-09-03 17:15:01,请不要在无关的地方讨论我的内容，谢谢
2021-09-03 15:50:02,我宣布这周我是老大鸽
2021-09-02 18:15:02,本周就要让大家明白谁才是真正的老大鸽！
2021-09-02 09:20:02,今天又是肯德基疯狂星期四了
2021-09-01 10:45:01,榜一大鸽
2021-09-01 09:35:01,姓鸽的，你更新不更新？！
2021-08-31 23:30:01,笑死，根本笑不死
2021-08-31 20:45:01,谁能想到呢，
2021-08-29 22:10:01,吾好梦中鸽人
2021-08-29 10:50:01,笑死，肯德基根本没有疯狂星期七
2021-08-28 13:15:02,笑死，肯德基根本没有疯狂星期六
2021-08-28 07:20:01,人们什么都不关心，甚至不知道今天是肯德基疯狂星期六
2021-08-27 11:15:01,人们什么都不关心，甚至不知道今天是肯德基疯狂星期五
2021-08-26 12:30:02,人们什么都不关心，甚至不知道今天是肯德基疯狂星期四
2021-08-25 22:25:02,
2021-08-24 16:30:01,嚯！好家伙！
2021-08-24 09:00:01,那我的嘴就是不好使嘛！
2021-08-23 20:15:02,我刚听了一个很好笑的歇后语，哈哈哈哈哈
2021-08-23 19:35:02,谁想吃安格斯牛肉堡啊？
2021-08-23 09:05:02,凌晨半梦半醒时想起来一个很好的选题，醒来以后忘了！透！
2021-08-23 09:00:01,我最近发现了一种很好吃的零食，为了防止别人说我打广告，名字就不公布了
2021-08-22 15:05:01,泡澡的感觉真好啊
2021-08-21 14:45:02,“今日无事”
2021-08-18 16:00:01,请大家不要在无关的地方刷梗，尤其是音乐评论区，谢谢
2021-08-16 23:45:01,请大家不要在无关的地方刷梗，谢谢了
2021-08-15 10:55:01,最近发烧有点严重，下周如果鸽了不要见怪
2021-08-14 23:35:01,最近冻着了，有点发烧，下周如果鸽了不要见怪
2021-08-14 21:45:02,请大家不要乱刷梗，谢谢
2021-08-14 21:05:01,请不要乱刷梗，谢谢
2021-08-14 13:40:01,请不要去音乐评论区里面刷梗，音乐只是音乐而已
2021-08-13 14:15:01,不要去音乐评论区里面刷梗，音乐只是音乐而已
2021-08-13 12:15:02,可以吃饭了
2021-08-13 11:10:02,先别吃饭！等等我
2021-08-13 09:35:02,月亮走，我也走，我跟月亮交朋友
2021-08-12 16:25:01,莫催，明天更
2021-08-11 13:10:01,上海这大雨下的，赶上泼水了
2021-08-10 09:00:02,他们都说北方人爱说倒装句，没有吧我觉得
2021-08-10 08:05:01,
2021-08-10 07:30:02,请大家不要去其他up的评论区乱刷梗，，，在我的评论区玩玩梗怎么都没关系，，谢谢
2021-08-09 20:40:02,星野源居然在B站有号？！！
2021-08-09 18:15:01,《致命仓鼠》
2021-08-09 16:15:01,伟大的通辽汗国既不伟大，也不在通辽，更不是汗国
2021-08-09 14:00:02,我像不像致命女人里的装扮
2021-08-08 23:30:01,头像库存告罄，紧急p图
2021-08-08 17:35:02,都立秋了咋还这么热呢？
2021-08-08 11:55:01,我刚刚看了个B站up主的音乐视频，给我笑吐了
2021-08-07 23:35:01,这个人很神经，什么都敢写
2021-08-07 23:30:02,请大家不要去其他up主下面刷我的梗或者我的名字，这样对其他up很不礼貌，谢谢。
2021-08-06 19:50:02,鸽鸽鸽鸽鸽鸽鸽鸽鸽鸽鸽鸽鸽
2021-08-05 20:35:02,咕～咕咕～咕咕姑咕咕～
2021-08-05 10:20:01,鸽鸽鸽鸽鸽鸽鸽鸽鹄鸽鸽鸽鸽鸽鸽鸽鸽
2021-08-04 14:10:02,噔噔噔噔噔噔噔噔噔噔噔噔噔
2021-08-04 08:30:01,三句话转给我十八万，跟无趣直男吃饭，噔噔噔噔噔噔噔噔噔噔噔噔噔
2021-08-04 08:20:01,
2021-08-03 20:45:01,可汗加冕
2021-08-03 17:05:01,看头像知学历
2021-08-02 21:45:01,
2021-08-02 21:15:01,拿别人的惨剧骗钱，不怕死一户口本？？？
2021-08-02 20:40:01,
2021-08-02 18:15:02,我们内蒙古大学和北体一样，都是211！！！
2021-08-02 17:45:02,蒙古海盗小约翰
2021-08-02 12:30:01,阿连德的故事太长了，我准备讲两期。
2021-08-02 11:35:02,写稿太难了，鸽了吧
2021-08-01 21:10:02,越共头像✓
2021-08-01 14:20:01,从本周开始一周两鸽（指视频要鸽，签名也要鸽）
2021-08-01 11:30:01,从本周开始一周两鸽
2021-07-31 10:30:01,台风:没想到吧，我又回来了！
2021-07-31 08:50:01,
2021-07-31 00:35:02,我永远喜欢石原里美（头像暂时用铃木爱理）
2021-07-30 20:35:02,我永远喜欢铃木爱理（头像暂时用新木优子）
2021-07-30 17:05:01,看头像知状态
2021-07-30 11:10:01,今天更新（指签名）
2021-07-30 06:55:01,今天更新
2021-07-29 19:10:01,今晚上海的晚霞真美
2021-07-29 18:05:01,鸽了
2021-07-28 17:15:02,辣完了
2021-07-28 15:55:01,印度菜是真难吃啊
2021-07-28 11:30:02,游泳去
2021-07-27 23:00:02,为啥大家都觉得我明天不会更新呢？
2021-07-27 18:45:01,猜我会不会明天更新？
2021-07-27 16:25:02,呵，有件事儿你们绝对想不到，你们要是能想到的话，这个事就不是你们想不到的的了。
2021-07-27 10:25:01,永远年轻，永远作精，永远谁的话也不听
2021-07-27 09:50:01,我买了一个超级可爱的凳子，但是签名发不了图，就不给大家看了
2021-07-27 09:25:02,涨肚
2021-07-26 21:20:02,我晚上吃乐事了
2021-07-26 17:05:01,你甚至不愿意叫我一声老大鸽
2021-07-26 16:40:01,你们信不信我下周日更？反正我不信
2021-07-26 16:35:02,上海的雨还是这么大，风也大
2021-07-26 12:35:02,妈呀！池昌旭感染新冠了！！
2021-07-26 12:00:02,我猛然一看，就猛然间看到了这句话，这句话属于是典型的典型了属于是，我之前还没发现，当我发现的时候我已经发现了。
2021-07-26 08:45:01,咋没人催更签名呢？
2021-07-25 07:45:01,上海的雨大啊
2021-07-25 07:20:01,《让子弹飞》是个好片，但如果看了部电影就觉得自己掌握了历史圣经，那可太好笑了
2021-07-24 06:45:02,上一次更新时好像还是上一次
2021-07-23 19:25:01,东京奥运会开幕式整得咋鬼气森森的
2021-07-23 12:55:02,签名没断过，更新没勤过
2021-07-22 23:00:02,致命女人第九集太精彩了
2021-07-21 10:15:01,我决定参加鸽王争霸
2021-07-20 21:10:02,
2021-07-20 18:55:01,马里总统又遇刺了？
2021-07-20 15:50:01,引吭高鸽
2021-07-19 17:25:01,视频一周一更，不是周五就是周六
2021-07-19 15:25:01,视频一周一更，不是周五就是周六，不用催
2021-07-19 14:15:01,更啥新啊，三天前刚更完
2021-07-19 14:10:01,更啥新啊，三天前刚更完，谁家up主能三天更一万字的内容？
2021-07-19 10:45:01,四面楚鸽，欢鸽笑语，可鸽可泣
2021-07-19 09:55:02,四面楚鸽
2021-07-19 09:15:01,枕鸽待旦
2021-07-18 23:05:02,等待鸽多
2021-07-18 22:50:01,如果我下周鸽了，责任全在徐小疼
2021-07-18 20:45:01,鸽了，但也没完全鸽
2021-07-18 10:55:01,鸽宗鸽宗，秀外慧中
2021-07-17 22:45:02,想到一个超好笑的段子，又不能讲出来，好痛苦
2021-07-16 20:15:02,饮茶先啊！
2021-07-16 19:05:01,为啥刚更新完还有催更的？过分了吧？
2021-07-16 00:30:01,缘分到了自然会更
2021-07-15 19:20:01,
2021-07-15 14:20:01,我不是“去”上海，而是我常住在上海……
2021-07-14 18:50:01,上海太热啦
2021-07-14 18:35:01,想发动态，总出意外啊！
2021-07-13 21:30:01,本世纪不是已经更新过了吗？为什么还要更新？！
2021-07-11 12:35:01,
2021-07-11 11:40:01,人啊，健康比啥都重要
2021-07-10 23:40:01,绝对没有人能猜到我下期讲哪个国家
2021-07-10 22:30:01,我准备说三句话，加上前面的一句，我的话说完了
2021-07-10 21:45:01,我宣布我要宣布个事
2021-07-10 11:20:02,先有勋宗后有天，鸽宗还在勋宗前
2021-07-10 11:05:02,铁血美羊羊
2021-07-10 10:15:01,我说一句词你们猜是哪首歌:啊啊啊啊啊啊啊
2021-07-09 22:35:01,草原啊草原～绿色草原一望无边～
2021-07-09 22:20:01,也没人理我啊
2021-07-08 22:40:02,私信多的我不敢看
2021-07-08 16:05:01,冈比亚政变总共分三步
2021-07-08 15:45:01,中央大街建设的挺好啊现在！
2021-07-08 13:15:01,我宣布美听宗对此事负责！
2021-07-08 08:35:01,我宣布苏穗宗对此事负责！
2021-07-07 21:05:01,我宣布苏勋宗对此事负责！
2021-07-07 19:05:01,这可不能赖我啊
2021-07-07 18:40:02,我知道海地总统死了，不用再通知我了！
2021-07-07 18:35:01,
2021-07-07 07:40:01,咕～咕咕～
2021-07-06 19:20:01,你滴鸽宗！
2021-07-06 16:00:01,这几天改不了签名可憋死我了
2021-07-06 13:05:02,歇后语这块是让嘟督给整明白了
2021-07-06 10:45:02,我拥有的硬币马上过二十万了
2021-07-06 08:00:01,终于可以改签名了！！！
2021-06-26 06:45:01,我是真的不会录音
2021-06-25 19:10:01,你爱我，我爱你，蜜雪冰城甜蜜蜜
2021-06-25 14:05:02,B站上造梗最多的up主是谁？
2021-06-25 08:15:01,回家喽
2021-06-24 12:25:01,我知道阿基诺死了，不用通知我了
2021-06-23 22:25:01,签名鸽了
2021-06-23 07:35:02,前后上千人的猜测，没有一个猜对我这周更啥的，唉
2021-06-21 08:45:01,目前为止没有一个人猜对我下周更啥
2021-06-20 18:15:01,我打赌十块钱，你们想不到我下周更新啥
2021-06-20 06:00:01,历史给我的称号是通鸽宗
2021-06-19 21:35:02,累啊
2021-06-18 10:45:01,准备改行当舞蹈区up了
2021-06-17 21:50:01,选题逐渐枯竭，准备改行当舞蹈区up了
2021-06-17 18:35:01,唉
2021-06-17 08:00:01,航天员真帅啊
2021-06-16 08:30:01,热死，根本热不死
2021-06-15 21:40:01,Djhwsxrupzxyhkh
2021-06-15 20:05:02,Djhwsxrupzxyhjh
2021-06-15 10:40:01,完了，签名不知道更啥好了
2021-06-14 09:40:01,想说端午快乐，有人说不对。想说端午安康，也有人说不对。在此祝大家端午节牛逼！
2021-06-13 20:10:02,想不到吧，我连签名都鸽了
2021-06-12 17:55:02,
2021-06-12 16:00:01,刘老师说电影也太好笑了
2021-06-12 13:50:01,要不要做一个勋宗特辑呢？
2021-06-12 09:35:02,啦啦啦啦
2021-06-11 07:20:01,做了个美梦，嘻嘻
2021-06-10 12:25:02,明天更
2021-06-09 17:50:01,快更了
2021-06-09 17:30:01,我最欣赏的动物是鸵鸟
2021-06-09 15:25:01,催更的人太多，根本不敢看评论
2021-06-09 10:15:01,我打算开一个新系列，超好笑
2021-06-08 11:35:01,今天好热啊
2021-06-07 16:30:01,准备抽奖！
2021-06-06 22:00:01,鸽了，但没完全鸽
2021-06-06 09:15:02,今天更了，更签名了
2021-06-02 22:35:01,唉，连签名都更不动了
2021-06-02 10:45:01,从此鸽宗不早朝
2021-06-01 21:55:01,
2021-05-31 12:15:02,仿生鸽宗会梦到电子更新吗？
2021-05-30 13:50:02,打完疫苗以后身上很难受，浑身酸痛
2021-05-30 12:30:02,请不要在其他up主的评论区里刷我，尊重每一个内容创作者，谢谢
2021-05-29 22:35:01,铃木爱理也太好看了吧
2021-05-29 19:05:01,不要叫我追热点，我的内容制作速度根本追不上热点
2021-05-28 20:35:02,哈哈哈哈哈哈哈哈哈
2021-05-28 20:25:01,下周一准备跟胖亚瑟去吃印度菜，我已经开始肚子疼了。如果下周我鸽了，那责任都在印度胖亚瑟
2021-05-28 10:35:01,传下去，根本传不下去
2021-05-27 19:05:02,明天中午更新啦
2021-05-27 18:10:01,唉，累的连签名都更不动了
2021-05-27 10:15:01,今天明天上海都没雨
2021-05-27 09:20:01,下一期视频可能比较，，，平，没有那么强的喜剧效果，大家做好心理准备。
2021-05-27 00:20:01,正常周更啊
2021-05-27 00:10:01,有个叫《贵阴贱壁》的剧本杀。大家千万不要去玩，无聊死！
2021-05-26 01:50:01,百万粉了，感谢大家！
2021-05-26 00:15:02,有人顶着我的高仿号冒充我朝人要充电，请大家务必不要相信，所有要充电的都不要给
2021-05-25 23:25:01,听说百万粉丝要女装？
2021-05-25 22:45:01,我看了一本好书，打算等我看完推荐给大家。
2021-05-25 21:35:01,我今天晚上看了一个超级好笑的笑话，给我笑的锤地的那种，但是签名里写不下，就不给大家讲了。
2021-05-25 21:25:02,德国:香肠、肘子、酸菜、啤酒、工业区 东北:香肠、肘子、酸菜、啤酒、工业区 所以德国正统在？答:海南
2021-05-25 17:55:01,最近买了一本好书，开心
2021-05-25 17:50:01,
2021-05-25 13:50:02,烧心了
2021-05-25 12:05:01,大家猜一首歌，我下期节目里用到了，里面有句唱词是:啊啊啊～啊～啊啊啊～啊～ 猜猜是哪首歌？
2021-05-25 11:45:01,大家猜一首歌，我下期节目里用到了，里面有句唱词是:耶耶耶～耶～耶耶耶～耶～ 猜猜是哪首歌？
2021-05-25 10:50:01,听说刚果火山爆发，马里又发生兵变了？
2021-05-25 09:45:01,我宣布改名为小约翰鸽鸽！
2021-05-24 20:45:02,这么多高仿号，要不搞个顺位继承表吧？
2021-05-24 15:20:02,三点gay嘞！饮茶先嘞！
2021-05-24 10:00:01,路边卖的小笼包味道好香，想吃
2021-05-24 07:30:01,今天上海没雨诶
2021-05-23 22:40:01,好久没有讲暴君了，都有点怀念了呢
2021-05-23 22:10:01,嗝～
2021-05-23 21:20:02,听说百万粉要女装？！
2021-05-23 21:00:01,我从来没有自搜过，都是他们艾特我我才看见的
2021-05-23 10:50:02,我最大的能耐是躺着不动
2021-05-23 09:00:02,上海今日雨，17到21度
2021-05-22 18:10:01,深切缅怀
2021-05-22 15:06:12,
2021-05-22 13:30:01,三点给嘞！游泳先嘞！
2021-05-22 12:00:01,这种事儿居然能误报我是万万没想到的
2021-05-22 07:00:02,今日上海阴转多云，最高气温26度
2021-05-21 23:00:01,我当up主本来是为了追求自由，为什么被催更催出了上班的感觉？
2021-05-21 20:00:01,这周的任务完成了，躺平看辉夜
